epoch,Train_Loss,Train_dice,Val_Loss,Val_dice,Val_Froc
1,0.5004,0.0001,0.5001,0.0002,2.1604182871922408e-12
2,0.5002,0.0001,0.5001,0.0003,7.769743324036435e-12
3,0.5002,0.0001,0.5001,0.0004,1.2704206090572967e-11
4,0.5002,0.0001,0.5001,0.0005,1.786185363608823e-11
